ts	phase	decision	why	evidence	result
2026-09-10T23:58:40Z	frame	Defined LS02a completion as explicit bootstrap plus durable one-voter control and data Raft groups, committed byte reads, exact retry receipts, real snapshots, and release-binary evidence	The storage and recovery contract is the highest-risk part and must be testable before API polish	docs/architecture/runtime.md, docs/implementation/plan.md	OPEN
2026-09-10T23:59:00Z	workflow	Kept all workspace writes in the parent session	The user prohibited nested agents, and the crates, protocol, and verifier share mutable schemas	artifacts/LS02a/decisions.tsv	IN_PROGRESS
2026-09-11T00:18:00Z	design	Selected one generic RocksDB adapter instantiated by distinct control and data Openraft config types	A shared command and response format removes duplicate trait code while separate config marker types prevent group handles from being mixed	docs/architecture/runtime.md, .pstack-work/arena-runtime/candidate-a.md	SELECTED
2026-09-11T00:18:30Z	design	Rejected separate control and data storage implementations	Both groups need identical durability, snapshot, identity, and log rules, so duplication would create drift without a different invariant	artifacts/LS02a/decisions.tsv	REJECTED
2026-09-11T00:19:00Z	design	Selected one process-local mutex per group database as the LS02a ordered write lane	Openraft requires serialized vote and log writes, RocksDB sync batches provide the durability boundary, and one voter does not justify an actor queue yet	docs/architecture/runtime.md	SELECTED
2026-09-11T00:19:30Z	baseline	Ran the unchanged workspace test suite before implementation	The baseline must be known before storage and protocol changes	cargo test --workspace	VERIFIED
2026-09-11T01:25:00Z	design	Replaced the plain mutex choice with a ticketed write lane	A mutex prevents overlap but does not prove submission order across cloned storage handles	crates/light-stream-storage/src/lib.rs	VERIFIED
2026-09-11T01:47:00Z	verification	Kept the first LS02a verifier run as failed evidence	A misplaced POC result check raised NameError after the durable journey, so the artifact cannot count as a pass	artifacts/LS02a/parent-verified/result.json	NOT VERIFIED
2026-09-11T02:10:00Z	verification	Fixed the verifier at the POC control function instead of suppressing the NameError	The POC result block belonged to the function that owns the output variable	scripts/verify.py	VERIFIED
2026-09-11T02:35:00Z	quality	Fixed every Clippy finding and kept warnings denied	The final lint command is a required gate and no suppression was needed	cargo clippy --workspace --all-targets -- -D warnings	VERIFIED
2026-09-11T02:48:00Z	verification	Verified the full LS02a release journey after the final source changes	The independent ledger matched every byte before and after restart, and retry evidence preserved the original offset	artifacts/LS02a/final/result.json	VERIFIED
2026-09-11T02:49:00Z	verification	Ran the mapped retry-receipt feature from the repository skill	The feature map must prove a real public command path and retain its evidence	artifacts/LS02a/skill-retry/result.json	VERIFIED
2026-09-11T02:50:00Z	regression	Ran the LS01 verifier in a new artifact directory	The LS01 health, unsupported probe, isolation, evidence, and POC controls must survive LS02a	artifacts/LS01/ls02a-regression/result.json	VERIFIED
2026-09-11T02:51:00Z	cleanup	Confirmed no light-streamd process remained after verification	Owned servers must not survive the run	ps -axo pid=,command= | grep '[l]ight-streamd'	VERIFIED
2026-09-11T03:05:00Z	recovery	Hardened restart validation against a manifest whose stream catalog conflicts with durable group state	Cluster identity checks alone did not prove that the bootstrap stream identity still matched both groups	crates/light-stream-server/src/runtime.rs	VERIFIED
2026-09-11T03:15:00Z	verification	Reran every Rust gate after the restart validation change	The earlier gate results no longer described the final source	cargo fmt --all -- --check; cargo test --workspace; cargo clippy --workspace --all-targets -- -D warnings; cargo build --release -p light-stream-server -p light-stream-cli -p light-stream-testkit	VERIFIED
2026-09-11T03:17:00Z	verification	Replaced the earlier final evidence with a run against source revision 086c26e7449c054e1bd8f544e20f06141b0cf5b303384963de3b231833075bee	The manifest validation change required new release binaries and a new live ledger	artifacts/LS02a/final-2/result.json	VERIFIED
2026-09-11T03:18:00Z	verification	Ran the final feature-map command for retry receipts	The mapped evidence now matches the final source revision	artifacts/LS02a/skill-retry-final/result.json	VERIFIED
2026-09-11T03:19:00Z	regression	Reran LS01 in a fresh directory against the final source	The final manifest check must not invalidate the earlier production controls	artifacts/LS01/ls02a-regression-final/result.json	VERIFIED
2026-09-11T03:28:00Z	documentation	Removed stale LS01-only server and module-map wording	The production help and security error must describe the implemented phase and the LS08 boundary	README.md, docs/api/module-map.md, crates/light-stream-server/src/config.rs, crates/light-stream-server/src/lib.rs	VERIFIED
2026-09-11T03:36:00Z	verification	Ran the complete gate sequence after the final wording change	The server error string is part of the verifier contract and changed the source fingerprint	cargo fmt --all -- --check; cargo test --workspace; cargo clippy --workspace --all-targets -- -D warnings; cargo build --release -p light-stream-server -p light-stream-cli -p light-stream-testkit	VERIFIED
2026-09-11T03:38:00Z	verification	Accepted final LS02a evidence at source revision cea7171efcd004fa3c5e7c244a3a3f1779b3fc701f75d283abf278e616ba3b2e	The release journey, storage suite, POC control, restart ledger, and unsupported statuses all passed	artifacts/LS02a/final-3/result.json	VERIFIED
2026-09-11T03:39:00Z	verification	Accepted the final mapped retry-receipt feature	The exact command in feature-map.json passed and retained the response-loss and conflict evidence	artifacts/LS02a/skill-retry-final-2/result.json	VERIFIED
2026-09-11T03:40:00Z	regression	Accepted the final LS01 compatibility run	The fresh LS01 artifact passed after the secured-mode message update	artifacts/LS01/ls02a-regression-final-2/result.json	VERIFIED
